present.high,present.u,sublethal.h,sublethal.u,lethal.h,lethal.u
0.733333333,0.8,0,0.066666667,0.066666667,0
0.5,0.6,0.071428571,0.133333333,0,0.2
0.1,0.583333333,0,0,0.1,0.083333333
0.4,0.75,0.1,0.25,0.2,0.083333333
