Group.1,x,se
DIUN,116.6,31.85948
SAHO,27.7,16.22758
SAPA,192.1,62.31773
ZOFA,65.7,14.59151
