high_caged,high_uncaged,sqrt_high_cage,sqrt_high_uncaged
769,2390,27.73084925,48.88762625
2655,2719,51.52669211,52.1440313
838,2509,28.94822965,50.08991915
727,474,26.96293753,21.77154106
1757,735,41.91658383,27.11088342
